{
    "weight_name": 0.03020280472936561,
    "weight_ingredients": 0.07096132592677845,
    "weight_major": 0.43364786248309933,
    "weight_minor": 0.3583307761337971,
    "weight_abv": 0.23276566723285208
}