{
    "weight_name": 0.08757714945333135,
    "weight_ingredients": 0.2846428864361269,
    "weight_major": 0.4989785627955499,
    "weight_minor": 0.41840769066189376,
    "weight_abv": null
}