{
    "weight_name": 0.057266256598363055,
    "weight_ingredients": 0.1749352520946199,
    "weight_major": 0.4600716522235247,
    "weight_minor": 0.48188584141891455,
    "weight_abv": null
}