{
    "weight_name": 0.06029288004682454,
    "weight_ingredients": 0.2125467055870355,
    "weight_major": 0.4777489194814525,
    "weight_minor": 0.5382596725809414,
    "weight_abv": null
}